Title,Inception,Interstellar,The Dark Knight,Avatar,Titanic
Inception,0.9999999999999997,0.5714285714285713,0.4629100498862757,0.0,0.3086066999241838
Interstellar,0.5714285714285713,0.9999999999999997,0.3086066999241838,0.0,0.1543033499620919
The Dark Knight,0.4629100498862757,0.3086066999241838,1.0000000000000002,0.0,0.0
Avatar,0.0,0.0,0.0,1.0000000000000002,0.3333333333333334
Titanic,0.3086066999241838,0.1543033499620919,0.0,0.3333333333333334,1.0000000000000002
